[{"id":"node_antigrav_grenade","title":"Anti Gravity Grenade","description":"Briefly disables gravity within a small area.","connections":["node_antigrav_grenade","node_stash_grenade"],"price":3,"isStartNode":false,"isNew":false,"isHidden":false,"gameplayItemsUnlock":["item_anti_gravity_grenade"],"skillsUnlock":[]},{"id":"node_arrow","title":"Arrow","description":"Can be attached to the crossbow","connections":["node_arrow","node_crossbow","node_quiver","node_arrow_lightbulb","node_arrow_heart"],"price":1,"isStartNode":false,"isNew":false,"isHidden":false,"gameplayItemsUnlock":["item_arrow"],"skillsUnlock":[]},{"id":"node_arrow_heart","title":"Heart Arrow","description":"A love-themed arrow that will have your targets seeing hearts! ","connections":["node_arrow_heart","node_arrow"],"price":3,"isStartNode":false,"isNew":false,"isHidden":false,"gameplayItemsUnlock":["item_arrow_heart"],"skillsUnlock":[]},{"id":"node_arrow_lightbulb","title":"Lightbulb Arrow","description":"An arrow that illuminates dark caves","connections":["node_arrow","node_arrow_lightbulb"],"price":3,"isStartNode":false,"isNew":false,"isHidden":false,"gameplayItemsUnlock":["item_arrow_lightbulb"],"skillsUnlock":[]},{"id":"node_backpack","title":"Adventure Pack","description":"The perfect pack for an adventure. Has a base capacity of 10 items.","connections":["node_backpack","node_tablet","node_skill_backpack_cap_2","node_flashlight_mega"],"price":2,"isStartNode":false,"isNew":false,"isHidden":false,"gameplayItemsUnlock":["item_backpack"],"skillsUnlock":[]},{"id":"node_backpack_large","title":"Cross Country Pack ","description":"A massive pack with an extended capacity. Has a base capacity of 20 items.","connections":["node_backpack_large","node_company_ration","node_skill_backpack_cap_3","node_backpack_large_clover","node_backpack_large_basketball"],"price":5,"isStartNode":false,"isNew":false,"isHidden":false,"gameplayItemsUnlock":["item_backpack_large_base"],"skillsUnlock":[]},{"id":"node_backpack_large_basketball","title":"Large Basketball Print Backpack","description":"A massive pack with an extended capacity. Has a base capacity of 20 items.","connections":["node_backpack_large","node_backpack_large_basketball"],"price":3,"isStartNode":false,"isNew":false,"isHidden":false,"gameplayItemsUnlock":["item_backpack_large_basketball"],"skillsUnlock":[]},{"id":"node_backpack_large_clover","title":"Large Clover Print Backpack","description":"A massive pack with an extended capacity. Has a base capacity of 20 items.","connections":["node_backpack_large","node_backpack_large_clover"],"price":3,"isStartNode":false,"isNew":false,"isHidden":false,"gameplayItemsUnlock":["item_backpack_large_clover"],"skillsUnlock":[]},{"id":"node_balloon","title":"Balloon","description":"A tool that helps you defy gravity...but not too much. Can be attached to other items.","connections":["node_balloon","node_plunger","node_balloon_heart","node_cardboardbox"],"price":3,"isStartNode":false,"isNew":false,"isHidden":false,"gameplayItemsUnlock":["item_balloon"],"skillsUnlock":[]},{"id":"node_balloon_heart","title":"Heart Balloon","description":"Heart shaped balloon","connections":["node_balloon_heart","node_balloon"],"price":1,"isStartNode":false,"isNew":false,"isHidden":false,"gameplayItemsUnlock":["item_balloon_heart"],"skillsUnlock":[]},{"id":"node_baseball_bat","title":"Baseball Bat","description":"A weapon that's great for hitting monsters out of the park.","connections":["node_frying_pan","node_baseball_bat","node_tripwire_explosive","node_pinata_bat"],"price":1,"isStartNode":false,"isNew":false,"isHidden":false,"gameplayItemsUnlock":["item_baseball_bat"],"skillsUnlock":[]},{"id":"node_boxfan","title":"Box Fan","description":"Blow items or friends away. Can be attached to your back to generate propulsion.","connections":["node_boxfan","node_pogostick"],"price":3,"isStartNode":false,"isNew":false,"isHidden":false,"gameplayItemsUnlock":["item_box_fan"],"skillsUnlock":[]},{"id":"node_cardboardbox","title":"Cardboard Box","description":"A box... but you get this sudden urge to hide beneath it.","connections":["node_balloon","node_cardboardbox"],"price":3,"isStartNode":false,"isNew":false,"isHidden":false,"gameplayItemsUnlock":["item_cardboard_box"],"skillsUnlock":[]},{"id":"node_clapper","title":"Clapper","description":"Lights, camera, action!","connections":["node_disposable_camera","node_clapper"],"price":1,"isStartNode":false,"isNew":false,"isHidden":false,"gameplayItemsUnlock":["item_clapper"],"skillsUnlock":[]},{"id":"node_cluster_grenade","title":"Cluster Grenade","description":"One grenade, multiple explosions. It\u2019s like a fireworks show but with more danger.","connections":["node_cluster_grenade","node_flashbang"],"price":3,"isStartNode":false,"isNew":false,"isHidden":false,"gameplayItemsUnlock":["item_cluster_grenade"],"skillsUnlock":[]},{"id":"node_company_ration","title":"Company Ration","description":"Experimental sustenance. Eat for a boost in productivity. May have side effects.","connections":["node_plunger","node_company_ration","node_flashlight_mega","node_backpack_large","node_mega_broccoli"],"price":1,"isStartNode":false,"isNew":false,"isHidden":false,"gameplayItemsUnlock":["item_company_ration"],"skillsUnlock":[]},{"id":"node_crossbow","title":"Crossbow","description":"Attach almost anything and launch to create improvised weapons.","connections":["node_crossbow","node_tripwire_explosive","node_skill_melee_1","node_arrow","node_crossbow_heart"],"price":3,"isStartNode":false,"isNew":false,"isHidden":false,"gameplayItemsUnlock":["item_crossbow"],"skillsUnlock":[]},{"id":"node_crossbow_heart","title":"Heart Crossbow","description":"A love-themed crossbow...because nothing says romance like a high-velocity declaration of love!","connections":["node_crossbow","node_crossbow_heart"],"price":4,"isStartNode":false,"isNew":false,"isHidden":false,"gameplayItemsUnlock":["item_crossbow_heart"],"skillsUnlock":[]},{"id":"node_crowbar","title":"Crowbar","description":"A versatile tool for smashing things and fighting monsters.","connections":["node_dynamite","node_crowbar","node_flashbang","node_flaregun","node_stick_bone","node_police_baton"],"price":1,"isStartNode":false,"isNew":false,"isHidden":false,"gameplayItemsUnlock":["item_crowbar"],"skillsUnlock":[]},{"id":"node_disposable_camera","title":"Monster Camera","description":"A digital camera. Take pictures of monsters and sell the camera for profit.","connections":["node_disposable_camera","node_tablet","node_clapper","node_sticker_dispenser","node_hawaiian_drum"],"price":1,"isStartNode":false,"isNew":false,"isHidden":false,"gameplayItemsUnlock":["item_disposable_camera"],"skillsUnlock":[]},{"id":"node_dynamite","title":"Dynamite","description":"For when subtlety just isn't an option. Light the fuse and throw!","connections":["node_dynamite","node_crowbar","node_dynamite_cube"],"price":1,"isStartNode":true,"isNew":false,"isHidden":false,"gameplayItemsUnlock":[item_ids = "item_anti_gravity_grenade", "item_apple", "item_arena_pistol", "item_arena_shotgun", "item_arrow", "item_arrow_bomb", "item_arrow_heart", "item_arrow_lightbulb", "item_arrow_teleport", "item_backpack", "item_backpack_black", "item_backpack_green", "item_backpack_large_base", "item_backpack_large_basketball", "item_backpack_large_clover", "item_backpack_pink", "item_backpack_small_base", "item_backpack_white", "item_backpack_with_flashlight", "item_balloon", "item_balloon_heart", "item_banana", "item_baseball_bat", "item_big_cup", "item_boombox", "item_boombox_neon", "item_box_fan", "item_broccoli_grenade", "item_broccoli_shrink_grenade", "item_calculator", "item_cardboard_box", "item_cash", "item_cash_mega_pile", "item_cash_pile", "item_clapper", "item_cluster_grenade", "item_cola", "item_cola_large", "item_company_ration", "item_company_ration_heal", "item_cracker", "item_crate", "item_crossbow", "item_crossbow_heart", "item_crowbar", "item_disc", "item_disposable_camera", "item_dynamite", "item_dynamite_cube", "item_egg", "item_flaregun", "item_flashbang", "item_flashlight", "item_flashlight_mega", "item_flashlight_red", "item_floppy3", "item_floppy5", "item_football", "item_frying_pan", "item_glowstick", "item_goldbar", "item_grenade", "item_hawaiian_drum", "item_heart_chunk", "item_heart_gun", "item_heartchocolatebox", "item_hh_key", "item_hookshot", "item_hookshot_sword", "item_hoverpad", "item_impulse_grenade", "item_jetpack", "item_keycard", "item_lance", "item_landmine", "item_large_banana", "item_mug", "item_nut", "item_nut_drop", "item_ogre_hands", "item_ore_copper_l", "item_ore_copper_m", "item_ore_copper_s", "item_ore_gold_l", "item_ore_gold_m", "item_ore_gold_s", "item_ore_hell", "item_ore_silver_l", "item_ore_silver_m", "item_ore_silver_s", "item_painting_canvas", "item_paperpack", "item_pelican_case", "item_pickaxe", "item_pickaxe_cny", "item_pickaxe_cube", "item_pinata_bat", "item_pipe", "item_plunger", "item_pogostick", "item_police_baton", "item_pumpkin_pie", "item_pumpkinjack", "item_pumpkinjack_small", "item_quiver", "item_quiver_heart", "item_radioactive_broccoli", "item_randombox_mobtoys_big", "item_randombox_mobtoys_medium", "item_randombox_mobtoys_small", "item_randombox_mobtoys_weapons", "item_randombox_mobtoys_zombie", "item_revolver", "item_revolver_ammo", "item_revolver_gold", "item_rope", "item_rpg", "item_rpg_ammo", "item_rpg_ammo_egg", "item_rpg_ammo_spear", "item_rpg_cny", "item_rpg_easter", "item_rpg_spear", "item_rubberducky", "item_ruby", "item_saddle", "item_scanner", "item_scissors", "item_shield", "item_shield_bones", "item_shield_police", "item_shield_viking_1", "item_shield_viking_2", "item_shield_viking_3", "item_shield_viking_4", "item_shotgun", "item_shotgun_ammo", "item_shredder", "item_shrinking_broccoli", "item_snowball", "item_stapler", "item_stash_grenade", "item_stick_armbones", "item_stick_bone", "item_sticker_dispenser", "item_sticky_dynamite", "item_stinky_cheese", "item_tablet", "item_tapedispenser", "item_tele_grenade", "item_theremin", "item_timebomb", "item_toilet_paper", "item_toilet_paper_mega", "item_toilet_paper_roll_empty", "item_treestick", "item_tripwire_explosive", "item_trophy", "item_turkey_leg", "item_turkey_whole", "item_ukulele", "item_ukulele_gold", "item_umbrella", "item_umbrella_clover", "item_unidentified", "item_upsidedown_toys", "item_uranium_chunk_l", "item_uranium_chunk_m", "item_uranium_chunk_s", "item_viking_hammer", "item_viking_hammer_twilight", "item_whoopie", "item_zipline_gun", "item_zombie_meat"],"skillsUnlock":[]},{"id":"node_dynamite_cube","title":"Cube Dynamite","description":"For when subtlety just isn't an option. Light the fuse and throw!","connections":["node_dynamite","node_dynamite_cube"],"price":3,"isStartNode":false,"isNew":false,"isHidden":false,"gameplayItemsUnlock":["item_dynamite_cube"],"skillsUnlock":[]},{"id":"node_flaregun","title":"Flare Gun","description":"Fires a single use flare that lights up the environment and stuns enemies caught in the explosion.","connections":["node_flaregun","node_crowbar","node_ogre_hands","node_tripwire_explosive"],"price":1,"isStartNode":false,"isNew":false,"isHidden":false,"gameplayItemsUnlock":["item_flaregun"],"skillsUnlock":[]},{"id":"node_flashbang","title":"Flashbang","description":"Blind and deafen your enemies with an explosion and flash of bright light!","connections":["node_crowbar","node_flashbang","node_football","node_cluster_grenade","node_impact_grenade"],"price":1,"isStartNode":false,"isNew":false,"isHidden":false,"gameplayItemsUnlock":["item_flashbang"],"skillsUnlock":[]},{"id":"node_flashlight_mega","title":"Mega Flashlight","description":"Flood the room with light. Worlds brightest flashlight.","connections":["node_flashlight_mega","node_backpack","node_company_ration"],"price":3,"isStartNode":false,"isNew":false,"isHidden":false,"gameplayItemsUnlock":["item_flashlight_mega"],"skillsUnlock":[]},{"id":"node_football","title":"Football","description":"For throwing, catching, and sometimes bonking someone on the head.","connections":["node_flashbang","node_football"],"price":1,"isStartNode":false,"isNew":false,"isHidden":false,"gameplayItemsUnlock":["item_football"],"skillsUnlock":[]},{"id":"node_frying_pan","title":"Frying Pan","description":"A weapon that's good for cooking eggs and cracking skulls.","connections":["node_frying_pan","node_baseball_bat","node_pickaxe","node_skill_melee_1"],"price":1,"isStartNode":false,"isNew":false,"isHidden":false,"gameplayItemsUnlock":["item_frying_pan"],"skillsUnlock":[]},{"id":"node_glowsticks","title":"Weird Glow Sticks","description":"Produces a bright yellow light and is unaffected by gravity. Makes your hand feel fuzzy when held.","connections":["node_teleport_grenade","node_glowsticks","node_skill_backpack_cap_1"],"price":1,"isStartNode":true,"isNew":false,"isHidden":false,"gameplayItemsUnlock":["item_glowstick"],"skillsUnlock":[]},{"id":"node_gold_revolver","title":"Gold Revolver","description":"Gold Revolver","connections":[],"price":0,"isStartNode":false,"isNew":false,"isHidden":true,"gameplayItemsUnlock":["item_revolver_gold"],"skillsUnlock":[]},{"id":"node_hawaiian_drum","title":"Hawaiian Drums","description":"Form a drum circle and improve your wellbeing with some rhythm. Heals nearby players when played.","connections":["node_theramin","node_hawaiian_drum","node_disposable_camera","node_ukulele"],"price":2,"isStartNode":false,"isNew":false,"isHidden":false,"gameplayItemsUnlock":["item_hawaiian_drum"],"skillsUnlock":[]},{"id":"node_heart_gun","title":"Heart Gun","description":"Experimental Technology. Can suck entities in or repel them.","connections":["node_hoverpad","node_heart_gun","node_hookshot","node_item_nut_shredder"],"price":5,"isStartNode":false,"isNew":false,"isHidden":false,"gameplayItemsUnlock":["item_heart_gun"],"skillsUnlock":[]},{"id":"node_hookshot","title":"Hookshot","description":"Latch onto any surface and swing through the air.","connections":["node_heart_gun","node_hookshot","node_hoverpad","node_hookshot_sword"],"price":5,"isStartNode":false,"isNew":false,"isHidden":false,"gameplayItemsUnlock":["item_hookshot"],"skillsUnlock":[]},{"id":"node_hookshot_sword","title":"Yeetblade","description":"Fifty percent hook, fifty percent blade, hundred percent awesome.","connections":["node_hookshot_sword","node_hookshot"],"price":5,"isStartNode":false,"isNew":true,"isHidden":false,"gameplayItemsUnlock":["item_hookshot_sword"],"skillsUnlock":[]},{"id":"node_hoverpad","title":"Hoverpad","description":"Activate to propel against the ground.","connections":["node_hoverpad","node_heart_gun","node_umbrella","node_hookshot"],"price":5,"isStartNode":false,"isNew":false,"isHidden":false,"gameplayItemsUnlock":["item_hoverpad"],"skillsUnlock":[]},{"id":"node_impact_grenade","title":"Impact Grenade","description":"A grenade that explodes on contact with any surface.","connections":["node_impact_grenade","node_flashbang","node_impulse_grenade","node_sticky_dynamite"],"price":1,"isStartNode":false,"isNew":false,"isHidden":false,"gameplayItemsUnlock":["item_grenade"],"skillsUnlock":[]},{"id":"node_impulse_grenade","title":"Impulse Grenade","description":"Throw to yeet your friends and enemies.","connections":["node_impact_grenade","node_impulse_grenade","node_stash_grenade"],"price":3,"isStartNode":false,"isNew":false,"isHidden":false,"gameplayItemsUnlock":["item_impulse_grenade"],"skillsUnlock":[]},{"id":"node_item_nut_shredder","title":"Nut Shredder","description":"Instantly destroy items and store their value. Can be sold to redeem the stored value.","connections":["node_skill_backpack_cap_3","node_item_nut_shredder","node_heart_gun"],"price":5,"isStartNode":false,"isNew":false,"isHidden":false,"gameplayItemsUnlock":["item_shredder"],"skillsUnlock":[]},{"id":"node_jetpack","title":"Handheld Jetpack","description":"Activate and hold on to fly into the sky.","connections":["node_jetpack","node_plunger","node_teleport_grenade"],"price":1,"isStartNode":false,"isNew":false,"isHidden":false,"gameplayItemsUnlock":["item_jetpack"],"skillsUnlock":[]},{"id":"node_lance","title":"Lance","description":"A huge lance letting you attack from a distance.","connections":["node_ogre_hands","node_lance","node_shield","node_viking_hammer"],"price":1,"isStartNode":false,"isNew":false,"isHidden":false,"gameplayItemsUnlock":["item_lance"],"skillsUnlock":[]},{"id":"node_mega_broccoli","title":"Mega Broccoli","description":"Experimental sustenance. Consume to become big and strong.","connections":["node_mega_broccoli","node_company_ration","node_mini_broccoli","node_mega_broccoli_bomb"],"price":5,"isStartNode":false,"isNew":false,"isHidden":false,"gameplayItemsUnlock":["item_radioactive_broccoli"],"skillsUnlock":[]},{"id":"node_mega_broccoli_bomb","title":"Mega Broccoli Bomb","description":"A dangerous-looking vegetable...bomb.","connections":["node_mega_broccoli_bomb","node_mega_broccoli","node_micro_broccoli_bomb"],"price":5,"isStartNode":false,"isNew":true,"isHidden":false,"gameplayItemsUnlock":["item_broccoli_grenade"],"skillsUnlock":[]},{"id":"node_micro_broccoli_bomb","title":"Micro Broccoli Bomb","description":"A dangerous-looking vegetable...bomb.","connections":["node_micro_broccoli_bomb","node_mini_broccoli","node_mega_broccoli_bomb"],"price":5,"isStartNode":false,"isNew":true,"isHidden":false,"gameplayItemsUnlock":["item_broccoli_shrink_grenade"],"skillsUnlock":[]},{"id":"node_mini_broccoli","title":"Mini Broccoli","description":"Experimental sustenance. Consume to become small and weak.","connections":["node_mega_broccoli","node_mini_broccoli","node_micro_broccoli_bomb"],"price":5,"isStartNode":false,"isNew":false,"isHidden":false,"gameplayItemsUnlock":["item_shrinking_broccoli"],"skillsUnlock":[]},{"id":"node_ogre_hands","title":"Ogre Hands","description":"Green and mean, perfect for SMASHING enemies.","connections":["node_flaregun","node_ogre_hands","node_revolver","node_lance","node_shield"],"price":3,"isStartNode":false,"isNew":false,"isHidden":false,"gameplayItemsUnlock":["item_ogre_hands"],"skillsUnlock":[]},{"id":"node_pickaxe","title":"Pickaxe","description":"The only weapon that's equally good at both mining and maiming.","connections":["node_frying_pan","node_pickaxe","node_pickaxe_cny","node_pickaxe_cube"],"price":1,"isStartNode":false,"isNew":false,"isHidden":false,"gameplayItemsUnlock":["item_pickaxe"],"skillsUnlock":[]},{"id":"node_pickaxe_cny","title":"Golded Pickaxe","description":"The only weapon that's equally good at both mining and maiming, but this one is gold plated. Gold is always better no?","connections":["node_pickaxe_cny","node_pickaxe"],"price":3,"isStartNode":false,"isNew":false,"isHidden":false,"gameplayItemsUnlock":["item_pickaxe_cny"],"skillsUnlock":[]},{"id":"node_pickaxe_cube","title":"Cube Pickaxe","description":"The only weapon that's equally good at both mining and maiming.","connections":["node_pickaxe","node_pickaxe_cube"],"price":3,"isStartNode":false,"isNew":false,"isHidden":false,"gameplayItemsUnlock":["item_pickaxe_cube"],"skillsUnlock":[]},{"id":"node_pinata_bat","title":"Pinata Bat","description":"A festive bat, perfect for smashing monsters like candy-filled pi\u00f1atas.","connections":["node_baseball_bat","node_pinata_bat"],"price":3,"isStartNode":false,"isNew":false,"isHidden":false,"gameplayItemsUnlock":["item_pinata_bat"],"skillsUnlock":[]},{"id":"node_plunger","title":"Plunger","description":"Push against a wall to activate suction. Can be used to climb almost any surface.","connections":["node_jetpack","node_plunger","node_umbrella","node_company_ration","node_balloon"],"price":1,"isStartNode":false,"isNew":false,"isHidden":false,"gameplayItemsUnlock":["item_plunger"],"skillsUnlock":[]},{"id":"node_pogostick","title":"Pogostick","description":"Boing boing boing.","connections":["node_pogostick","node_saddle","node_boxfan"],"price":3,"isStartNode":false,"isNew":false,"isHidden":false,"gameplayItemsUnlock":["item_pogostick"],"skillsUnlock":[]},{"id":"node_police_baton","title":"Police Baton (Crowbar)","description":"A crowbar variant. A versatile tool for smashing things and catching bad animals.","connections":["node_crowbar","node_police_baton"],"price":3,"isStartNode":false,"isNew":false,"isHidden":false,"gameplayItemsUnlock":["item_police_baton"],"skillsUnlock":[]},{"id":"node_quiver","title":"Quiver","description":"Carry many arrows. Can be equipped onto your hip or back.","connections":["node_quiver","node_arrow","node_quiver_heart"],"price":3,"isStartNode":false,"isNew":false,"isHidden":false,"gameplayItemsUnlock":["item_quiver"],"skillsUnlock":[]},{"id":"node_quiver_heart","title":"Heart Quiver","description":"Love makes the heart quiver, now your arrows can too!","connections":["node_quiver_heart","node_quiver"],"price":3,"isStartNode":false,"isNew":false,"isHidden":false,"gameplayItemsUnlock":["item_quiver_heart"],"skillsUnlock":[]},{"id":"node_revolver","title":"Revolver","description":"6 shots, make them count.","connections":["node_revolver","node_shotgun","node_ogre_hands","node_skill_gundamage_1","node_revolver_ammo"],"price":3,"isStartNode":false,"isNew":false,"isHidden":false,"gameplayItemsUnlock":["item_revolver"],"skillsUnlock":[]},{"id":"node_revolver_ammo","title":"Revolver ammo","description":"Use to reload a revolver.","connections":["node_revolver","node_revolver_ammo"],"price":1,"isStartNode":false,"isNew":false,"isHidden":false,"gameplayItemsUnlock":["item_revolver_ammo"],"skillsUnlock":[]},{"id":"node_rpg","title":"RPG","description":"A single use tool of ultimate destruction.","connections":["node_rpg_ammo","node_rpg","node_skill_explosive_1","node_skill_melee_3"],"price":5,"isStartNode":false,"isNew":false,"isHidden":false,"gameplayItemsUnlock":["item_rpg"],"skillsUnlock":[]},{"id":"node_rpg_ammo","title":"RPG Ammo","description":"Use to reload an RPG after firing.","connections":["node_rpg_ammo","node_rpg","node_rpg_cny","node_rpg_easter","node_rpg_spear"],"price":3,"isStartNode":false,"isNew":false,"isHidden":false,"gameplayItemsUnlock":["item_rpg_ammo"],"skillsUnlock":[]},{"id":"node_rpg_ammo_egg","title":"Egg RPG Ammo","description":"An explosive egg with more explosions inside. Used to reload an RPG","connections":["node_rpg_ammo_egg","node_rpg_easter"],"price":1,"isStartNode":false,"isNew":false,"isHidden":false,"gameplayItemsUnlock":["item_rpg_ammo_egg"],"skillsUnlock":[]},{"id":"node_rpg_ammo_spear","title":"Boomspear Ammo","description":"Reload and explode! Ammo for the Boomspear!","connections":["node_rpg_ammo_spear","node_rpg_spear"],"price":1,"isStartNode":false,"isNew":true,"isHidden":false,"gameplayItemsUnlock":["item_rpg_ammo_spear"],"skillsUnlock":[]},{"id":"node_rpg_cny","title":"Rocket Dragon RPG","description":"For ultimate destruction with style","connections":["node_rpg_cny","node_rpg_ammo"],"price":3,"isStartNode":false,"isNew":false,"isHidden":false,"gameplayItemsUnlock":["item_rpg_cny"],"skillsUnlock":[]},{"id":"node_rpg_easter","title":"Egg Launcher RPG","description":"For ultimate destruction with style","connections":["node_rpg_easter","node_rpg_ammo","node_rpg_ammo_egg"],"price":3,"isStartNode":false,"isNew":false,"isHidden":false,"gameplayItemsUnlock":["item_rpg_easter"],"skillsUnlock":[]},{"id":"node_rpg_spear","title":"Boomspear","description":"Explode responsibly.","connections":["node_rpg_spear","node_rpg_ammo","node_rpg_ammo_spear"],"price":3,"isStartNode":false,"isNew":true,"isHidden":false,"gameplayItemsUnlock":["item_rpg_spear"],"skillsUnlock":[]},{"id":"node_saddle","title":"Saddle","description":"Mount your friends, joust monsters, or give that one guy who can't use his arms a lift.","connections":["node_pogostick","node_saddle","node_whoopie","node_umbrella"],"price":3,"isStartNode":false,"isNew":false,"isHidden":false,"gameplayItemsUnlock":["item_saddle"],"skillsUnlock":[]},{"id":"node_shield","title":"Shield","description":"It protecc.","connections":["node_lance","node_shield","node_ogre_hands","node_shield_bones","node_shield_police"],"price":1,"isStartNode":false,"isNew":false,"isHidden":false,"gameplayItemsUnlock":["item_shield"],"skillsUnlock":[]},{"id":"node_shield_bones","title":"Protective Bone Shield","description":"A shield made from your enemies bones is more indimidating","connections":["node_shield_bones","node_shield"],"price":3,"isStartNode":false,"isNew":false,"isHidden":false,"gameplayItemsUnlock":["item_shield_bones"],"skillsUnlock":[]},{"id":"node_shield_police","title":"Police Shield","description":"A shield for protecting you and your squad","connections":["node_shield","node_shield_police"],"price":3,"isStartNode":false,"isNew":false,"isHidden":false,"gameplayItemsUnlock":["item_shield_police"],"skillsUnlock":[]},{"id":"node_shotgun","title":"Shotgun","description":"Shoot a spread of pellets dealing massive damage. ","connections":["node_revolver","node_shotgun","node_shotgun_ammo"],"price":5,"isStartNode":false,"isNew":false,"isHidden":false,"gameplayItemsUnlock":["item_shotgun"],"skillsUnlock":[]},{"id":"node_shotgun_ammo","title":"Shotgun ammo","description":"Use to reload a shotgun.","connections":["node_shotgun","node_shotgun_ammo"],"price":3,"isStartNode":false,"isNew":false,"isHidden":false,"gameplayItemsUnlock":["item_shotgun_ammo"],"skillsUnlock":[]},{"id":"node_skill_backpack_cap_1","title":"Expanded Pockets","description":"+1 Capacity to all backpacks you purchase.","connections":["node_skill_backpack_cap_1","node_glowsticks","node_tablet","node_skill_health_1"],"price":1,"isStartNode":false,"isNew":false,"isHidden":false,"gameplayItemsUnlock":[],"skillsUnlock":["BackpackCapacity=1"]},{"id":"node_skill_backpack_cap_2","title":"Hidden Compartment","description":"+1 Capacity to all backpacks you purchase.","connections":["node_skill_backpack_cap_2","node_backpack"],"price":1,"isStartNode":false,"isNew":false,"isHidden":false,"gameplayItemsUnlock":[],"skillsUnlock":["BackpackCapacity=1"]},{"id":"node_skill_backpack_cap_3","title":"Even More Pockets","description":"+1 Capacity to all backpacks you purchase.","connections":["node_skill_backpack_cap_3","node_backpack_large","node_item_nut_shredder"],"price":3,"isStartNode":false,"isNew":false,"isHidden":false,"gameplayItemsUnlock":[],"skillsUnlock":["BackpackCapacity=1"]},{"id":"node_skill_explosive_1","title":"Explosives Mastery","description":"+10% damage dealt with explosives.","connections":["node_skill_gundamage_1","node_skill_explosive_1","node_rpg"],"price":1,"isStartNode":false,"isNew":false,"isHidden":false,"gameplayItemsUnlock":[],"skillsUnlock":["ExplosiveDamage=0.1"]},{"id":"node_skill_gundamage_1","title":"Weapons Mastery","description":"+10% damage dealt with guns","connections":["node_skill_gundamage_1","node_revolver","node_skill_explosive_1"],"price":1,"isStartNode":false,"isNew":false,"isHidden":false,"gameplayItemsUnlock":[],"skillsUnlock":["GunDamage=0.1"]},{"id":"node_skill_health_1","title":"Constitution","description":"+10% maximum health","connections":["node_skill_health_1","node_skill_backpack_cap_1","node_skill_selling_1","node_skill_health_2"],"price":1,"isStartNode":false,"isNew":false,"isHidden":false,"gameplayItemsUnlock":[],"skillsUnlock":["Health=0.1"]},{"id":"node_skill_health_2","title":"More Constitution","description":"+15% maximum health","connections":["node_skill_health_2","node_skill_health_1"],"price":3,"isStartNode":false,"isNew":false,"isHidden":false,"gameplayItemsUnlock":[],"skillsUnlock":["Health=0.15"]},{"id":"node_skill_left_hip_attachment","title":"Tactical Left Hip Slot","description":"Equip an extra item to your left hip","connections":["node_skill_right_hip_attachment","node_skill_left_hip_attachment"],"price":5,"isStartNode":false,"isNew":false,"isHidden":false,"gameplayItemsUnlock":[],"skillsUnlock":["LeftHipAttachment=1"]},{"id":"node_skill_melee_1","title":"Blunt Force Trauma","description":"+10% damage dealt with melee","connections":["node_frying_pan","node_skill_melee_1","node_skill_melee_2","node_crossbow"],"price":1,"isStartNode":false,"isNew":false,"isHidden":false,"gameplayItemsUnlock":[],"skillsUnlock":["MeleeDamage=0.1"]},{"id":"node_skill_melee_2","title":"Advanced Blunt Force Trauma","description":"+15% damage dealt with melee","connections":["node_skill_melee_2","node_skill_melee_1","node_skill_melee_3"],"price":3,"isStartNode":false,"isNew":false,"isHidden":false,"gameplayItemsUnlock":[],"skillsUnlock":["MeleeDamage=0.15"]},{"id":"node_skill_melee_3","title":"Blunt Force Trauma Enthusiast","description":"+20% damage dealt with melee","connections":["node_skill_melee_3","node_skill_melee_2","node_rpg"],"price":5,"isStartNode":false,"isNew":false,"isHidden":false,"gameplayItemsUnlock":[],"skillsUnlock":["MeleeDamage=0.2"]},{"id":"node_skill_right_hip_attachment","title":"Tactical Right Hip Slot","description":"Equip an extra item to your right hip","connections":["node_skill_right_hip_attachment","node_skill_left_hip_attachment","node_skill_selling_1"],"price":5,"isStartNode":false,"isNew":false,"isHidden":false,"gameplayItemsUnlock":[],"skillsUnlock":["RightHipAttachment=1"]},{"id":"node_skill_selling_1","title":"Tax Evasion","description":"+5% nut value of items sold.","connections":["node_skill_selling_2","node_skill_selling_1","node_skill_health_1","node_skill_right_hip_attachment"],"price":1,"isStartNode":false,"isNew":false,"isHidden":false,"gameplayItemsUnlock":[],"skillsUnlock":["ItemValueMultiplier=0.05"]},{"id":"node_skill_selling_2","title":"Advanced Evasion","description":"+10% nut value of items sold.","connections":["node_skill_selling_2","node_skill_selling_1","node_skill_selling_3"],"price":3,"isStartNode":false,"isNew":false,"isHidden":false,"gameplayItemsUnlock":[],"skillsUnlock":["ItemValueMultiplier=0.1"]},{"id":"node_skill_selling_3","title":"Fraud","description":"+15% nut value of items sold.","connections":["node_skill_selling_3","node_skill_selling_2"],"price":5,"isStartNode":false,"isNew":false,"isHidden":false,"gameplayItemsUnlock":[],"skillsUnlock":["ItemValueMultiplier=0.15"]},{"id":"node_stash_grenade","title":"Stash Grenade","description":"Harness the power of the stash for a few seconds","connections":["node_stash_grenade","node_impulse_grenade","node_antigrav_grenade"],"price":3,"isStartNode":false,"isNew":false,"isHidden":false,"gameplayItemsUnlock":["item_stash_grenade"],"skillsUnlock":[]},{"id":"node_stick_armbones","title":"Arm Bones (Stick)","description":"In case you need to defend your bones with more bones.","connections":["node_stick_armbones","node_stick_bone"],"price":3,"isStartNode":false,"isNew":false,"isHidden":false,"gameplayItemsUnlock":["item_stick_armbones"],"skillsUnlock":[]},{"id":"node_stick_bone","title":"Bone (Stick)","description":"Why use a tree stick when you can use a bone?","connections":["node_stick_armbones","node_stick_bone","node_crowbar"],"price":1,"isStartNode":false,"isNew":false,"isHidden":false,"gameplayItemsUnlock":["item_stick_bone"],"skillsUnlock":[]},{"id":"node_sticker_dispenser","title":"Sticker Dispenser","description":"Drop glowing stickers to mark your path and never lose your way.","connections":["node_disposable_camera","node_sticker_dispenser"],"price":3,"isStartNode":false,"isNew":false,"isHidden":false,"gameplayItemsUnlock":["item_sticker_dispenser"],"skillsUnlock":[]},{"id":"node_sticky_dynamite","title":"Sticky Dynamite","description":"This dynamite sticks to surfaces.","connections":["node_impact_grenade","node_sticky_dynamite"],"price":3,"isStartNode":false,"isNew":false,"isHidden":false,"gameplayItemsUnlock":["item_sticky_dynamite"],"skillsUnlock":[]},{"id":"node_tablet","title":"Map Device","description":"It\u2019s like a treasure map, but on a tiny screen.","connections":["node_disposable_camera","node_tablet","node_skill_backpack_cap_1","node_backpack"],"price":1,"isStartNode":false,"isNew":false,"isHidden":false,"gameplayItemsUnlock":["item_tablet"],"skillsUnlock":[]},{"id":"node_teleport_grenade","title":"Teleportation Grenade","description":"Activate and throw to spatially transpose your body.","connections":["node_teleport_grenade","node_glowsticks","node_jetpack"],"price":1,"isStartNode":false,"isNew":false,"isHidden":false,"gameplayItemsUnlock":["item_tele_grenade"],"skillsUnlock":[]},{"id":"node_theramin","title":"Theremin","description":"Make some music, or weird noises.","connections":["node_theramin","node_hawaiian_drum"],"price":3,"isStartNode":false,"isNew":false,"isHidden":false,"gameplayItemsUnlock":["item_theremin"],"skillsUnlock":[]},{"id":"node_tripwire_explosive","title":"Tripwire Explosives","description":"Attach to any surface to create a deadly trap.","connections":["node_tripwire_explosive","node_flaregun","node_crossbow","node_baseball_bat"],"price":1,"isStartNode":false,"isNew":false,"isHidden":false,"gameplayItemsUnlock":["item_tripwire_explosive"],"skillsUnlock":[]},{"id":"node_ukulele","title":"Ukulele","description":"Serenade your friends with a relaxing tune. Heals nearby players when played.","connections":["node_ukulele","node_hawaiian_drum"],"price":3,"isStartNode":false,"isNew":false,"isHidden":false,"gameplayItemsUnlock":["item_ukulele"],"skillsUnlock":[]},{"id":"node_ukulele_gold","title":"Golden Ukulele","description":"Serenade your friends even more with gold. Heals nearby players when played.","connections":[],"price":0,"isStartNode":false,"isNew":false,"isHidden":true,"gameplayItemsUnlock":["item_ukulele_gold"],"skillsUnlock":[]},{"id":"node_umbrella","title":"Umbrella","description":"Descend gracefully. Part parachute, part parasol, all fabulous.","connections":["node_saddle","node_umbrella","node_hoverpad","node_plunger","node_zipline_gun","node_umbrella_clover"],"price":3,"isStartNode":false,"isNew":false,"isHidden":false,"gameplayItemsUnlock":["item_umbrella"],"skillsUnlock":[]},{"id":"node_umbrella_clover","title":"Clover Umbrella","description":"Descend gracefully. Part parachute, part parasol, all fabulous.","connections":["node_umbrella","node_umbrella_clover"],"price":3,"isStartNode":false,"isNew":false,"isHidden":false,"gameplayItemsUnlock":["item_umbrella_clover"],"skillsUnlock":[]},{"id":"node_viking_hammer","title":"Viking Hammer","description":"Launch your enemies into the sun!","connections":["node_viking_hammer","node_lance","node_viking_hammer_twilight"],"price":3,"isStartNode":false,"isNew":true,"isHidden":false,"gameplayItemsUnlock":["item_viking_hammer"],"skillsUnlock":[]},{"id":"node_viking_hammer_twilight","title":"Viking Hammer Twilight","description":"Launch your enemies like a shooting star!","connections":["node_viking_hammer_twilight","node_viking_hammer"],"price":3,"isStartNode":false,"isNew":true,"isHidden":false,"gameplayItemsUnlock":["item_viking_hammer_twilight"],"skillsUnlock":[]},{"id":"node_whoopie","title":"Whoopie Cushion","description":"Pfffttt","connections":["node_saddle","node_whoopie"],"price":1,"isStartNode":false,"isNew":false,"isHidden":false,"gameplayItemsUnlock":["item_whoopie"],"skillsUnlock":[]},{"id":"node_zipline_gun","title":"Zipline Gun","description":"Load it with rope and fire to instantly create a zipline between two points.","connections":["node_zipline_gun","node_umbrella","node_zipline_rope"],"price":4,"isStartNode":false,"isNew":false,"isHidden":false,"gameplayItemsUnlock":["item_zipline_gun"],"skillsUnlock":[]},{"id":"node_zipline_rope","title":"Zipline Rope","description":"Used as ammo for the zipline gun.","connections":["node_zipline_rope","node_zipline_gun"],"price":1,"isStartNode":false,"isNew":false,"isHidden":false,"gameplayItemsUnlock":["item_rope"],"skillsUnlock":[]}]