[{"id":"node_dynamite","title":"Dynamite","description":"For when subtlety just isn't an option. Light the fuse and throw!","connections":["node_dynamite","node_crowbar","node_dynamite_cube"],"price":1,"isStartNode":true,"isNew":false,"isHidden":false,"gameplayItemsUnlock":["item_anti_gravity_grenade","item_apple","item_arena_pistol","item_arena_shotgun","item_arrow","item_arrow_heart","item_arrow_lightbulb","item_backpack","item_backpack_black","item_backpack_green","item_backpack_large_base","item_backpack_large_basketball","item_backpack_large_clover","item_backpack_pink","item_backpack_small_base","item_backpack_white","item_backpack_with_flashlight","item_balloon","item_balloon_heart","item_banana","item_baseball_bat","item_big_cup","item_boombox","item_boombox_neon","item_box_fan","item_calculator","item_cardboard_box","item_cash","item_cash_mega_pile","item_cash_pile","item_clapper","item_cluster_grenade","item_cola","item_cola_large","item_company_ration","item_company_ration_heal","item_cracker","item_crate","item_crossbow","item_crossbow_heart","item_crowbar","item_disc","item_disposable_camera","item_dynamite","item_dynamite_cube","item_egg","item_flaregun","item_flashbang","item_flashlight","item_flashlight_mega","item_flashlight_red","item_floppy3","item_floppy5","item_football","item_frying_pan","item_glowstick","item_goldbar","item_grenade","item_hawaiian_drum","item_heart_chunk","item_heart_gun","item_heartchocolatebox","item_hh_key","item_hookshot","item_hoverpad","item_impulse_grenade","item_jetpack","item_keycard","item_lance","item_landmine","item_large_banana","item_mug","item_nut","item_nut_drop","item_ogre_hands","item_ore_copper_l","item_ore_copper_m","item_ore_copper_s","item_ore_gold_l","item_ore_gold_m","item_ore_gold_s","item_ore_hell","item_ore_silver_l","item_ore_silver_m","item_ore_silver_s","item_painting_canvas","item_paperpack","item_pelican_case","item_pickaxe","item_pickaxe_cny","item_pickaxe_cube","item_pinata_bat","item_pipe","item_plunger","item_pogostick","item_police_baton","item_pumpkin_pie","item_pumpkinjack","item_pumpkinjack_small","item_quiver","item_quiver_heart","item_radioactive_broccoli","item_randombox_mobloot_big","item_randombox_mobloot_medium","item_randombox_mobloot_small","item_randombox_mobloot_weapons","item_revolver","item_revolver_ammo","item_revolver_gold","item_rope","item_rpg","item_rpg_ammo","item_rpg_ammo_egg","item_rpg_cny","item_rpg_easter","item_rubberducky","item_ruby","item_saddle","item_scanner","item_scissors","item_shield","item_shield_bones","item_shield_police","item_shotgun","item_shotgun_ammo","item_shredder","item_shrinking_broccoli","item_snowball","item_stapler","item_stash_grenade","item_stick_armbones","item_stick_bone","item_sticker_dispenser","item_sticky_dynamite","item_stinky_cheese","item_tablet","item_tapedispenser","item_tele_grenade"],"skillsUnlock":[]}]
